{"train_loss": 0.09957381178131874, "train_acc": 0.001090686274509804, "_timestamp": 1647457180, "_runtime": 7216, "_step": 6799, "_wandb": {"runtime": 7267}}