{"accuracy": 0.019166666666666665, "kl_loss": 0.13846686482429504, "xent_loss": 0.8462063074111938, "_timestamp": 1647501606, "_runtime": 7943, "_step": 1, "_wandb": {"runtime": 9739}}