{"epoch": 2, "train_loss": "1.1842566728955917", "train_acc": "0.016946564885496184", "val_loss": 1.19720405506306, "valid_acc": 0.016721311475409836, "_runtime": 39289, "_timestamp": 1647322461, "_step": 1, "_wandb": {"runtime": 39290}}