{"train_loss": "0.8620733585208654", "train_acc": "0.3734375", "_timestamp": 1647455532, "_runtime": 129770, "_step": 1, "_wandb": {"runtime": 129791}}