{"train_loss": 0.0761955246143043, "train_acc": 0.024895833333333332, "_timestamp": 1647491797, "_runtime": 34631, "_step": 799, "_wandb": {"runtime": 35911}}